id,sentence,japanese,answer
1,I totally ____ ____ this opinion.,私はこの意見に全面的に賛成です。,agree with
1,We ____ ____ this ____.,私たちはこの点で意見が一致した。,agreed on point
1,Spicy food does not ____ ____ me.,辛い食べ物は私には合わない.,agree with
2,strongly ____ the plan,その計画に強固に反対する,oppose
3,____ him not ____ eat too much,食べ過ぎないよう彼に忠告する,advise to
4,____ ____ how to use the library,図書館の利用法に関するヒント,tips on
4,leave a ____ for the waiter,ウェイターにチップを置く,tip
4,the ____ of my toes,足の指先,tips
5,____ the problem ____ a specialist,専門家とその問題について話し合う,discuss with
5,____ my hidden past,自分の隠された過去のことを話す,discuss
6,____ the car's brakes ____ the accident(=blame the accident on the car's brakes),その事故の原因は車のブレーキにあるとする,blame for
7,____ ____ reading aloud is important,音読は大切だと主張する,argue that
7,____ ____ her about training methods,練習方法のことで彼女と言い争う,argue with
8,____ ____ a vegetarian diet is better than a meat diet,菜食は肉食より優れていると主張する,claim that
8,Does anyone ____ this umbrella?,この傘の持ち主はいませんか(誰か自分の物だと主張しませんか).,claim
8,____ ____ ____ against an insurance company,保険会社に(保険金を)請求する,make a claim
9,____ ____ their loud music,彼らのうるさい音楽に文句を言う,complain about
9,____ ____ a headache,頭痛がすると訴える,complain of
10,____ him some coffee,彼にコーヒーはどうですかと尋ねる(申し出る),offer
10,refuse his ____,彼の申し出を断る,offer
10,T-shirts are on special ____ today.,今日はTシャツが特価(特別な値引き)だ,offer
11,That letter ____ ____ she is quite happy in her job.,"その手紙は,彼女が仕事をかなり楽しんでいることを示唆している.",suggests that
11,She ____ ____ us ____ we (should) take a break.,彼女は私たちに休憩するのはどうだろうかと提案した.,suggested to that
12,What would you ____?,〈レストランなどで〉何がお勧めですか(何を勧めますか).,recommend
13,I ____ ____ ____ your help.,ご助力に感謝しています.,am grateful for
14,____ ____ her ____ being late,遅刻したことを彼女に謝る,apologize to for
15,Don't make ____.,言い訳するな,excuses
15,"____ ____, but do you happen to know where the station is?",すみませんが、駅がどこにあるかご存じですか,Excuse me
15,He was ____ from the exam.,彼は試験を免除された.,excused
16,____ her 18th birthday,彼女の18歳の誕生日を祝う,celebrate
16,____ Mass,ミサを執り行う,celebrate
17,____ her on her exam results,試験結果について彼女を祝福する,congratulate
18,____ him ____ his great performance,すばらしい演技に対して彼を称賛する,admire for
19,I was deeply ____ ____ his speech,彼の演説に深い感銘を受けた(感銘を与えられた).,impressed by
20,an ____ ____,授賞式,award ceremony
20,She ____ ____ first prize.(≒ The first prize went to her.),彼女は一等賞をもらった(授与された).,was awarded
21,____ [×explain about] the rules of baseball to him,彼に野球のルールを説明する,explain
22,Could you ____ your lost bag?,なくしたバッグ(の特徴)を読明していただけませんか,describe
23,____ ____ each other in sign language,手話でお互いに意思の疎通をはかる,communicate with
23,____ my feelings in English,英語で自分の気持ちを伝える,communicate
24,____ [× Say] your opinions clearly.,はっきりと意見を言い(を表現し)なさい.,Express
24,on the 9:00 a.m. ____ (train),午前9時の急行列車で,express
25,____ ____ ____ ____ lose weight,減量するという約束をする,make a promise to
25,____ her ____ be back by 5,5時までには戻ると彼女に約束する,promise to
26,various kinds of[× various] ____,さまざまな情報,information
27,science and ____,科学技術(科学と科学技術),technology
28,____ ____ ____ space rockets,宇宙ロケットに関する研究を行う,do research on
28,____ an environmental issue,環境問題を研究する,research
29,collect ____ for a paper,レボートの材料を集める,materials
29,use movies as ____ ____,映画を教材として使う,teaching materials
29,give ____ support,物質的な援助をする,material
29,____ changes to the schedule,計画の重大な変更,material
30,____ intelligence (AI),人工知能,artificial
31,an ____ car,電気自動車,electric
32,____ a speaking robot,会話のできるロボットを発明する,invent
32,____ a fantastic story,とんでもない話をでっち上げる,invent
33,____ a human mummy,人間のミイラを発見する,discover
33,____ ____ the painting is a fake,その絵が偽物であることに気がつく,discover that
33,____ the Beatles,ビートルズ(の音楽)に出会う,discover
34,____ ____ a big city,大都市に発展する,develop into
34,____ a sense of humor,ユーモアのセンスを伸ばす,develop
34,____ software,ソフトウェアを開発する,develop
34,____ your ideas,考えを発展させる,develop
34,____  pneumonia,肺炎になる,develop
35,improve my tennis ____,テニスの技術を高める,skills
36,improve my ____ to speak English [× of speaking English],英語を話す力を伸ばす,ability
37,show my musical ____,音楽の才能を発揮する,talent
38,make an ____ to be on time,時間に間に合うように努力する,effort
39,We have ____ on Saturday.,土曜日に練習がある.,practice
39,____ a plan ____ ____,計画を実行に移す,put into practice
39,the ____ of sleeping after dinner,タ食後に寝る習慣,practice
39,____ ____ the piano,ピアノの練習をする,practice playing
39,____ my religion,宗教を実践する,practice
40,____ his ____ ____ becoming a vet,獣医になるという目標を達成する,achieve goal of
41,I ____ ____ [×could] catch the last train.,何とか終電に乗ることができた.,managed to
41,____ my time effectively,効果的に時間を管理する,manage
42,____ my cooking skills,私の料理の腕を上達させる,improve
42,His English has ____ recently.,彼の英語は近頃よくなった.,improved
43,____ rice and vegetables,米と野菜を生産する,produce
43,____ a ticket from my pocket,(提示するために)ボケットから切符を取り出す,produce
43,fresh farm ____,新鮮な農作物,produce
44,____ a website,ホームページを創る,create
44,____ new problems,新たな問題を引き起こす,create
45,____ a close friendship with him,彼と親密な友情を築く,establish
45,This publishing company ____ ____ in 1950.,この出版社は1950年に設立された.,was established
46,____ a rock band,ロックバンドを形成する,form
46,Happiness comes ____ various ____.,幸せは様々な形態でやって来る.,in forms
46,fill out an application ____,申し込み書に記入する,form
47,This ____ you a lot of trouble.,これによって多くの手間が省ける.,saves
47,____ some money every month,毎月貯金する,save
47,You ____ ____ ____.,君は命の恩人だ(私の命を救った).,saved my life
47,answer all of the questions ____ one,1つを除いて全ての質問に答える,save
48,take[× drink] the ____ twice a day,1日に2回その薬を飲む,medicine
48,study ____ at Harvard,ハーパードで医学を学ぶ,medicine
49,The ____ is getting better.,その患者は快方に向かっている.,patient
49,Teachers need to be ____.,教師は忍耐強くなければならない.,patient
50,My body is in good ____.,私の体は調子がよい,condition
50,work under bad ____,悪条件の下で働く,conditions
51,____ expenses,医療費,medical
51,____ science(* medicine より堅い表現),医学,medical
52,have a lot of ____,ストレスが多い,stress
52,____ [lay] ____ ____ foreign language education,外国語教育に重点を置く,put stress on
52,____ the importance of teamwork,チームワークの重要性を強調する,stress
53,I ____ ____ ____ jet lag.,時差ぼけに苦しんでいる.,am suffering from
53,The company ____ a heavy loss.,その会社は大きな損失を出した(大きな損失を経験した).,suffered
54,____ light ____,軽い運動をする,get exercise
54,piano ____,ピアノの練習,exercises
54,____ ____,定期的に運動する,exercise regularly
54,____ the ____ to vote,投票権を行使する,exercise right
55,____ deeply,深呼吸する,breathe
56,I'm really ____.,本当にのどが?いた.,thirsty
56,He ____ ____ ____ power.,彼は権力志向が強い(権力を切望している).,is thirsty for
57,____ health,体の健康,physical
57,the ____ world,物質界,physical
58,l ____ ____ ____.,熱がある.,have a fever
58,be gripped by soccer ____,サッカー熱に取りつかれる,fever
59,build up my physical ____,体力をつける,strength
59,try with all my ____ to lift the piano,全力でそのピアノを持ち上げようとする,strength
60,I was moved to ____.,私は感動して泣いた.,tears
60,____ ____ the letter from him,彼からの手紙を引き裂く,tear up
61,This apple ____ sweet.,このリンゴは甘い(味がする).,tastes
61,____ the soup,スープの味見をする,taste
61,This wine has a strong acid ____.,このワインは酸味が強い.,taste
61,____ ____ ____ ____ clothes,服のセンスがよい,have good taste in
62,It is ____ the ____.,それは規則違反だ.,against rules
62,____ the country,その国を支配する,rule
63,play an important ____ in society,社会で重要な役割を果たす,role
64,____ ____ ____ ____ making excuses,言い訳をする期がある,have a habit of
65,Different countries have different ____.,習慣は国によって違う(異なる国は異なる習慣をもつ).,customs
65,show what is in my suitcase at ____,税関でスーツケースの中を見せる,customs
66,Japanese ____,日本の伝統,traditions
67,women's status in ____,社会での女性の地位,society
67,an internet-dependent ____,インターネット依存社会,society
67,enjoy her ____,彼女と同席することを楽しむ,society
67,the Royal ____ for the Prevention of Cruelty to Animals,英国王立動物虐待防止協会,Society
68,Parking here is against ____ ____.,ここでの駐車は法律違反だ.,the law
68,____ ____ against smoking on the street,路上喫煙を禁じる法律,a law
68,the ____ of nature,自然の法則,laws
69,My ____ were French.,私の祖先はフランス人だった.,ancestors
70,The ____ ____ Tokyo is larger [×more] than that of Osaka.,東京の人口は大阪の人口より多い.,population of
70,L.A. has a large Chinese ____.,ロサンゼルスには多くの中国人が住んでいる(多くの中国人住民をもつ).,population
71,his ____ languagu,彼の母(国)語,native
71,a ____ of Japan,日本生まれの人,native
72,find a job ____,海外で仕事を見つける,abroad
73,a ____ bank,地元の銀行,local
73,____ government,地方自治体,local
73,talk with the ____,地元の人々と話す,locals
74,according to a recent ____,最近の調査によると,survey
74,____ the opinions of teenagers,10代の若者たちの意見を調査する,survey
75,the ____ of the painting,その絵の価値,value
75,Everyone has their own ____.,誰もが自分独自の価値観を有する.,values
75,This shirt is really ____ ____.,このシャツは本当にお買い得だ.,good value
75,____ their privacy,彼らのプライパシーを重んじる,value
76,a national ____,国宝,treasure
76,My secretary is a real ____.,私の秘書は本当に宝物(のような存在)だ,treasure
76,____ this moment with her,彼女とのこの瞬間を大切にする,treasure
77,follow ____ ____ ____,最新の流行を追う,the latest fashion
77,in the traditional ____,伝統的なやり方で,fashion
77,____ stone tools,石器を作る,fashion
78,____ ____ public,一般大衆,the general
78,____ places,公共の場所,public
79,There is no ____ to support his story,彼の話を裏づける証拠はない。,evidence
80,receive 45% of the ____,投票数の45%を獲得する,vote
80,____ ____ ____ ____,投票権(投票する権利),the right to vote
81,the Japanese ____,日本政府,government
82,the most powerful ____ in the world,世界で一番力のある国,nation
82,the voice of ____ ____,国民の声,the nation
83,What is the ____ of Canada?,カナダの首都はどこですか.,capital
83,start a company with only a little ____,わずかな資本で会社を始める,capital
83,a ____ offence,死罪,capital
84,____ ____ ____ ____ ____,アメリカ合衆国,the United States of America
84,his ____ ____ ____,彼の精神状態,state of mind
84,the separation of church and ____,政教分離(教会と国家の分離),state
84,____ my opinion,私の意見を言う,state
85,the ____ situation in Russia,ロシアの政治情勢,political
86,pay a very high ____ for the painting,その絵に非常に高額(の価格)を支払う,price
86,____ have gone up by 5%.,物価が5%上がった.,Prices
86,pay the ____ of success,成功の代償を払う,price
87,pay ____ ____ ____ for antiques,骨とう品に大金を使う,a large sum
87,The ____ of 5 and 8 is 13.,25と8の和は13だ,sum
87,____ ____ in my head,暗算する(頭の中で計算する),do sums
87,____ ____ the main points,重要な点を要約する,sum up
88,our ____ ____ this trip,今回の旅の予算,budget for
88,at a ____ ____,お手頃価格で,budget price
89,pay ____ ____ ____,キャンセル料を払う,a cancellation fee
89,legal ____,弁護士への謝礼,fees
90,____ ____ are low in Singapore.,シンガボールのタクシー料金(運賃)は安い,Taxi fares
91,May we have the ____?,お会計お願いします.,bill
91,the phone ____,電話代の請求書,bill
91,____ ten thousand-yen ____,1万円札,a bill
91,approve[veto] a ____,法案を承認[拒否]する,bill
92,Japan's ____ with the U.S.,日本の対米貿易,trade
92,____ hotel ____,ホテル業,the trade
92,the basics of ____,商売の基本,trade
92,____ email addresses ____ him,彼とメールアドレスを交換する,trade with
93,____ ____ and power,富と権力を手にする,achieve wealth
93,____ ____ ____ knowledge,豊富な知識,a wealth of
94,____ ____ ____ ____,日本経済を活性化する,boost the Japanese economy
94,for the sake of ____,節約のため,economy
95,The suit ____ [× was] me 500 dollars.,そのスーツは 500ドルした(かかった).,cost
95,That mistake ____ me my fortune.,そのミスで財産を失った,cost
95,"In Switzerland, the ____ of living is very high.",スイスでは生活費がとても高い.,cost
96,____ ____ a big ____,大きな会社で働く,work for company
96,I always enjoy ____ ____.,"彼と一緒にいるといつも楽しい,",his company
96,People judge you by the ____ you keep.,人は付き合っている仲間で判断されます。,company
96,We are expecting ____ today.,今日は来客があります.,company
97,____ a difficult ____,困難な仕事を成し遂げる,accomplish task
98,____ money to pay my school fees,学費を払う金を稼ぐ,earn
98,____ a ____ as a hard worker,勤勉との評判を得る,earn reputation
99,My back ____ a lot.,腰がとても痛い.,hurts
99,He ____ his knee while (he was) playing football.,彼はサッカーをやっていて膝を痛めた,hurt
100,____ my back,腰を痛める,injure
100,____ ____ ____ in an accident,事故で重傷を負う,be seriously injured
101,seriously ____the environment,環境に深刻な被害を与える,damage
101,do ____ to  the  village,その村に被害を与える,damage
101,claim ____,損害賠償を請求する,damages
102,____ all weapons,すべての武器を破壊する,destroy
102,This horse has to ____ ____.,この馬を殺処分するしかない。,be destroyed
103,You ____ my plan.,君のせいで計画が台無しだよ,ruined
103,The flood ____ the town.,洪水が町を破壊してしまった。,ruined
103,the ____ of Pompeii,ボンペイの遺跡,ruins
104,Tigers are ____ ____ ____ extinction.,トラが絶滅の危機にある。,in danger of
105,chat with a ____,近所の人と話す,neighbor
105,My next-door ____ dog barks day and night.,隣の人の犬が昼夜問わず吠える。,neighbor's
106,draw a large____,大観衆を集める,audience
107,A ____ rushed into the hall.,群衆が会場になだれ込んだ。,crowd
108,____ ____ ____ War and Peace,『戦争と平和』の著者,the author of
108,The ____ was signing copies of his new book.,その作家は彼の新刊本にサインをしていた。,author
109,Most of the ____ is from Australia.,職員の大半はオーストラリア出身です。,staff
110,the ____ at that department store,あのデパートの店員,clerks
110,a bank ____,銀行員,clerk
111,The restaurant was crowded with ____ from abroad.,そのレストランは外国人客で混雑していた。,customers
112,There were a lot of ____ on the train.,列車には多くの乗客が乗っていた。,passengers
113,give up my seat to ____ ____,お年寄りに席を譲る,elderly people
113,priority seats for ____ ____,お年寄りのための優先席,the elderly
114,____ workers,女性の労働者,female
114,a ____ cat,雌のネコ,female
114,the ____ of the species,その種の雌,female
115,____ ____ the beach,海辺に向かう,head for
115,an investigative team ____ ____ Mr. Nakahara,中原氏が率いる調査団,headed by
116,Someone was ____ me.,誰かが私をつけていた。,following
116,____ his advice,彼の忠告に従う,follow
117,____ ____ the town,街をぶらぶら歩き回る,wander about
118,____ ____the world,世界中を旅する,travel around
118,Light ____ faster than sound.,光は音より速く進む。,travels
119,____ the post office,郵便局の前を通り過ぎる,pass
119,____ five runners on the final lap,最後の一周で５人の走者を抜く,pass
119,____ the bar exam,司法試験に受かる,pass
119,"____ me the salt, please.",塩を取ってください,Pass
119,____ ____ ____,時の経過と共に,as time passes
119,an annual ____ for the theme park,そのテーマパークの年間パス,pass
120,Things ____ ____ ____ improve.,事態はよくなりそうだ。,are likely to
120,He will very ____ stay home.,おそらく、彼は家にいるだろう。,likely
121,It is only ____ that you cannot catch words you do not know.,知らない単語を聞き取れないのはごく当然のことだ.,natural
121,____ beauty,自然美,natural
121,her ____ talent,彼女の生まれつきの才能,natural
122,He ____ ____ ____ become a star player.,彼はきっとスター選手になるよ.,is certain to
122,be sent to a ____ country,ある国に派遣される,certain
123,The repairs will ____ take a month.,修理はおそらく1か月はかかるだろう,probably
124,We ____ ____ ____ a crisis.,私たちは危機に直面している.,are faced with
124,a window ____ (to the) south,南向きの窓,facing
124,____ ____,面目を失う,lose face
125,____ ____ eye contact with monkeys.,サルとは目を合わせないようにしなさい(サルと目を合わせることを避けろ).,Avoid making
126,____ the math problem,その数学の問題を解く,solve
127,have ____ ____,寝つけない(眠るのに苦労する),trouble sleeping
127,I'm sorry to ____ you.,お手数をおかけしてすみません。,trouble
128,an international ____,国際問題,issue
128,the latest ____ of a magazine,雑誌の最新号,issue
128, ____ a passport,パスポートを発行する,issue
129,____ all the players ____,すべての選手たちに声援を送る,cheer on
129,His arrival ____ me ____.,彼の到着で元気が出た(私を励ました).,cheered up
129,give[raise] a ____,声援を送る,cheer
129,"""____!"" shouted Adam.",「乾杯!」とアダムは叫んだ.,Cheers
130,____ people to bike ____ work,人々に自転車通勤するよう促す,encourage to
130,____ the students,生徒たちを元気づける,encourage
131,firmly ____ her,強く彼女を支持する,support
131,____ a family of four,4人家族を養う,support
131,This ____ my idea.,これが私の考えを立証する.,supports
131,____ ____,財政的援助,financial support
132,The heavy snow ____ us ____ going out.,大雪のため外出できなかった(私たちが外出するのを妨げた).,prevented from
132,____ the flu,インフルエンザの予防をする,prevent
133,____ ____ he is a great scientist,彼が偉大な科学者であることを否定する,deny that
133,____ them the right to vote,彼らに投票権を与えない,deny
134,The internet has ____ us ____ receive information right away.,インターネットのおかげで情報をすぐに得られるようになった(私たちが情報をすぐに得ることを可能にした)。,enabled to
135,____ ____ landing on the moon,月面着陸に成功する,succeed in
135,____ ____ the family business,家業を引き継ぐ,succeed to
136,____ the last train,終電を逃す,miss
136,____ school for two days,2日間学校を休む,miss
136,I ____ you.,あなたに会えなくて寂しい(あなたが恋しい).,miss
137,____ ____ business,商売で失敗する,fail in
137,____ ____ see what happened,何が起きたかわからない,fail to
137,____ the exam,試験に落ちる,fail
137,My memory ____ ____ these days.,"近頃,記憶が(私に)役立たない",fails me
138,____ grammatical ____,文法ミスをする,make mistakes
138,____ him ____ his twin brother,彼を双子の弟と間違える,mistake for
139,____ the brakes,そのブレーキを調べる,check
139,____ the spread of the disease,その病気の流行を阻止する,check
139,sign a ____,小切手に署名する,check
139,"Can I have the ____,please?","お勘定をお願いいたします,",check
139,____ a ____ ____,健康診断を受ける,have medical check
139,____ their activities ____ ____,彼らの活動を食い止める(抑制して留める),hold in check
140,____ the comic under the pillow,枕の下に漫画を隠す,hide
140,my ____ place,私の隠れ場所,hiding
141,____ her portrait,彼女の似顔絵を描く,draw
141,____ ____ ____ ____ that fact,その事実に彼の注目を向けさせる,draw his attention to
141,a cart ____ by two horses,2頭の馬に引かれた荷馬車,drawn
142,____ the Me Too movement,Me Too 運動に参加する,join
142,____ pipes together,配水管を一本につなぐ,join
142,____ us for lunch.,お昼を一緒に食べようよ。,Join
142,____ ____ the discussion,その議論に(途中から)参加する,join in
143,____ me a rope.,ロープを投げてくれ。,Throw
143,Don't ____ ____ your empty cans here.,ここに空き缶を捨てるな,throw away
143,____ a party for him,彼のためにバーティを開く,throw
143,a ____ of 100 meters,100メートルの投てき,throw
144,____ five machines at once,1度に5台の機械を操作する,operate
144,____ ____ a patient ____ cancer,患者にがんの手術をする,operate on for
144,____ efficiently,能率的に運営される,operate
145,____ a bicycle,自転車を修理する,repair
145,____ damage to his neck,彼の首の損傷を修復する,repair
145,a smartphone ____ ____,修理中のスマートフォン,under repair
146,She ____ all her own dresses.,彼女は自分の服をすべて自分で縫っている,sews
146,____ a button ____,ボタンを縫いつける,sew on
147,____ your hand.,手を上げて、,Raise
147,____ children,子どもを育てる,raise
147,____ ____,資金を集める,raise funds
147,____ the issue of aging,高齢化の問題を提起する,raise
147,get a pay ____,給料が上がる(賃上げを得る),raise
148,____ wine to the guests,客にワインを出す,serve
148,This experience will ____ you well.,この経験は君の役に立つだろう.,serve
148,The hospital ____ ____ a school.,その病院は学校として使われていた.,served as
149,____ tea ____ all of the guests,客みんなにお茶を注ぐ,pour for
149,It ____ all night.,一晩中土砂降りだった(雨が降りそそいだ).,poured
150,____ coffee all ____ my laptop,コーヒーをノートパソコンの上にこぼす,spill over
150,an oil ____ in the Atlantic Ocean,大西洋の石油流出,spill
151,____ ____ be sleeping,寝ているふりをする,pretend to
152,He ____ ____ in class.,"彼の授業中の態度は悪い(彼は授業中,行儀悪くふるまう).",behaves badly
152,tell him to ____ ____,彼に行儀よくふるまうように言う,behave himself
153,____ ____ the noise,騒音に耐えられない,cannot bear
153,____ ____ ____ for the accident,その事故の責任を負う,bear the responsibility
153,She ____ ____ ____ ____ ____ ____ ____ ____ ____.,彼女は裕福な家に生まれた.,was born with a silver spoon in her mouth
154,____ the surface of Mars,火星の地表を探査する,explore
154,____ the possibility of collaboration,コラボの可能性を探る,explore
155,What ____ ____ her?,彼女に何が起こったの.,happened to
155,I ____ ____ meet him.(=It happened that I met him.),彼にたまたま会った.,happened to
156,The singer ____ on the stage.,その歌手がステージに現れた.,appeared
156,He ____ ____ ____ sleeping.(=It appears that he is sleeping.),彼は寝ているようだ.,appears to be
157,The cause of the accident ____ unknown.,その事故の原因はいまだに知られていない(知られていないままだ).,remains
157,Five people ____ in the room.,部屋には5人が残っていた.,remained
158,eat grass in order to ____,生き延びるため草を食べる,survive
158,____ a plane crash,飛行機の事故で生き残る,survive
159,Sam ____ to the Sales Department.,サムは営業部に所属している。,belongs
160,____ Japan at the World Cup,ワールドカップ日本代表となる,represent
160,This sign ____ a temple.,このマークは寺を表す.,represents
160,This painting ____ the fight between good and evil.,この絵画は善と悪の戦いを表現している.,represents
161,This novel ____ ____ ____ facts.,この小説は事実に基づいている。,is based on
161,"I work in many places, but my ____ is here.",多くの場所で働いているが、私の基盤はここだ,base
161,a secret ____,秘密基地,base
162,The price ____ postage.(Postage ____ ____ in the price.),価格には送料が含まれています(送料を含む).,includes is included
163,This soup ____ various herbs.,このスープにはさまざまな薬草が入っている (さまざまな薬草を含んでいる).,contains
163,I cannot ____ my anger.,怒りを抑えられない.,contain
164,with my ____ eyes,私自身の目で,own
164,I decided to quit the company and start my ____.,会社を辞め、 自分の会社を始めることに決めた。,own
164,____ ten companies in India,インドに 10の会社を所有している,own
165,____ a table ____ a stranger,知らない人と相席(席を共有) する,share with
165,Could you ____ your opinion about this?,これについてのあなたのご意見をお聞かせください.,share
165,a flat ____,アパートの共有,share
165,a ____ of the profits,利益の分け前,share
166,____ teddy bears,クマのぬいぐるみを集める,collect
166,____ ____ ____ for recycling,リサイクルのために空き缶を回収する,collect empty cans
167,____ information,情報を集める,gather
167,____ around the teacher,先生のまわりに集まる,gather
168,the best soccer player ____ ____,史上最高のサッカー選手,in history
168,an update ____,更新履歴,history
169,a required ____,必須科目,subject
169,get off the ____,話題からそれる,subject
169,the ____ of the experiment,その実験の被験者,subject
169,The program ____ ____ ____ change.,プログラムは変更の可能性がありま(変更を受けやすい).,is subject to
170,____ a ____ ____,よい教育を受ける,receive good education
171,have ____ ____ ____ ____ ____ of cinema,映画に関する幅広い知識を持っている,a wide range of knowledge
172,wear a ____ ____,学校の制服を着ている,school uniform
172,maintain a ____ temperature,一定の温度を保つ,uniform
173,She is ____ ____ ____ ____.,彼女は8年生(中学2年生)だ.,in the eighth grade
173,low-____ products,低級の製品,grade
173,a high ____ in math,数学での好成績,grade
174,a college ____,大学4年生,senior
174,____ ____,高齢者,senior citizens
174,a ____ manager,上級管理者,senior
175,____ from high school,高校を卒業する,graduate
176,____ to live on my own,一人で暮らすことを決心する,decide
176,____ on a date for the wedding,結婚式の日取りを決める,decide
177,____ someone by their appearance,人を外見で判断する,judge
177,a Supreme Court ____ （◇the lay judge system）,最高裁判所の裁判官 （◇(日本の)裁判員制度）,judge
178,____ my job,仕事をやめる,quit
179,____ from the company,会社を(定年で)退職する,retire
180,a ____ of the tax system,税制の見直し,review
180,a ____ of his new book,彼の新刊本の書評,review
180,do a ____ of the last lesson,前の課を復習する,review
181,____ what to wear to school,学校へ着ていく服を選ぶ,choose
181,____ ____ the two,2つから選ぶ,choose between
182,____ life without electricity.,電気のない生活を想像してごらん.,Imagine
183,____ what is in this bag.,この袋に何が入っているかを当ててごらん.,Guess
183,This is only a ____.,これは推測にすぎない.,guess
184,We are ____ a typhoon.,台風が来るらしい(来ることを予期している).,expecting
184,Don't ____ too much of[from] him.,彼にあまり期待しすぎる(あまりに多くのことを期待する)な,expect
184,She is ____ (a baby).,彼女はおめでたです(赤ん坊を身ごもっています).,expecting
185,____ ____ cherry blossoms will start to flower,桜の開花時期を予測する,predict when
186,I ____ ____ her here[that I met her here].,彼女にここで会ったことを覚えています.,remember meeting
186,Did you ____ ____ feed the dog?,イヌにエサをやるのを覚えてた?,remember to
186,____ ____ ____ your wife.,奥さんによろしくお伝えください.,Remember me to
187,This song ____ me ____ him.,"この歌は彼のことを私に思い出させる,",reminds of
187,____ him not to be late,彼に遅れないように念を押す,remind
188,Jim ____ [× noticed] that he did not love her any more.,ジムはもう彼女のことを愛していないことに気づいた.,realized
188,She ____ her ____ of running her own shop.,彼女は自分の店を経営するという夢を実現した.,realized dream
189,____ the importance of discussion,話し合いの重要性を理解する,appreciate
189,____ [× understand] the flavors of Japanese cuisine,和食の味がわかる,appreciate
189,I'd ____ it if you could help me.,助けていただければありがたいのですが,appreciate
190,____ other people's ____,他人の意見を受け入れる,accept opinions
191,____ all the possibilities,すべての可能性を考える,consider
191,____ other people,人(の気持ち)を思いやる,consider
191,____ it (to be) meaningless,それは無意味だとみなす,consider
192,____ ____ ____ ____ I open the window?,窓を開けてもいいですか(窓を開けるのを気にしますか).,Do you mind if
192,the ____ of children,子どもの心,minds
192,Great ____ think alike. (*人と意見が一致したときにふざけて言う表現.),《ことわざ)賢人は同じように考える.,minds
193,I ____ [× think] ____ he has gone.,彼はどこに行ってしまったのだろうか.,wonder where
193,____ ____ his ability,彼の才能に驚く,wonder at
194,____ ____ ____ he knows what happened.,彼は起きたことを知っているようだ.,It seems that
194,He ____ ____ know what happened.,彼は起きたことを知っているようだ.,seems to
195,____ city life ____ country life,都会の生活を田舎の生活と比較する,compare with
195,____ life ____ a voyage,人生を航海に例える,compare to
195,No one can ____ ____ him in academic ability.,学力で彼に匹敵する者はいない.,compare with
196,____ ____ my studies,勉強に集中する,concentrate on
196,____ your attention ____ your job.,仕事に集中しなさい(仕事に注意を集中させなさい).,Concentrate on
197,This book ____ ____ French culture.,"この本はフランス文化に焦点を当てている,",focuses on
197,become the ____ of media attention,マスコミの注目の的になる,focus
198,Please ____ me ____ introduce myself.,自己紹介をさせて(自己紹介するのを許可して)ください.,allow to
198,This machine ____ you ____ measure your blood pressure.,この機械で血圧を測ることができます(血圧を測ることを可能にする).,allows to
199,Tom ____ ____ he had been mistaken.,トムは自分が間違っていたことを認めた,admitted that
199,be ____ ____ the university,大学入学を許可される,admitted to
200,deep ____ ____ ____,地中深くに,in the ground
200,____ ____ ____ ____ he is young,彼は若いという理由(根拠)で,on the grounds that
201,prevent marine ____,海洋汚染を食い止める,pollution
202,Snow is a rare ____ in this area.,雪はこの地域では珍しい光景です.,sight
202,recover my ____,視力を回復する,sight
203,enjoy a ____ ____ ____ Kobe,神戸の夜景(夜の景色)を楽しむ,night view of
203,____ ____ things ____ a different ____ ____ ____,視点を変えて(異なる視点から)物事を見る,look at from point of view
203,Skiing is ____ ____ the national sport of Norway.,"スキーはノルウェーの国技だとみなされている,",viewed as
204,the beautiful ____ of Scotland,スコットランドの美しい風景,landscape
204,____ political ____ of Japan,日本の政治情勢,the landscape
205,____ ____,自然を守る,preserve nature
205,____ ____ ____ ____ the problem,その問題の本質,the true nature of
206,sunflower ____,ひまわりの種,seeds
206,He is ____ ____ in this tournament.,彼はこのトーナメントで第1シードの選手だ.,top seed
207,water a ____,植物に水をやる,plant
207,a chemical ____,化学工場,plant
207,____ tulips in the garden,庭にチューリップを植える,plant
208,Flowers ____ all over the field.,野原には一面花が咲いていた.,bloomed
208,The cherry trees ____ ____ ____ ____.,サクラが満開だ.,are in full bloom
209,the ____ ____ this year,今年の米の収穫,rice harvest
209,newly-____ rice,新米(新たに収穫された米),harvested
209,____ organs,臟器を摘出する,harvest
210,the chirping of ____,(チーッチーッという)虫の音,insects
211,____ ____ ____ ____ last week.,"先週,地震が起きた.",There was an earthquake
212,The ____ reached 40 degrees.,気温が40度まで上がった.,temperature
212,____ his ____,彼の体温を測る,take temperature
213,freeze at zero ____,ゼロ度で凍る,degrees
213,speak French ____ ____ ____,ある程度フランス語を話す,to some degree
213,get a ____ in engineering,工学の学位をとる,degree
214,The ____ washed the bridge away.,洪水で橋が流された.,flood
214,The streets are ____.,通りは水浸しだ(水浸しにされた).,flooded
215,The pond ____ ____.,池が一面凍った.,froze over
215,____ bananas in the freezer,冷凍庫でバナナを凍らせる,freeze
216,____ the sunlight,日光を反射する,reflect
216,The clothes people wear ____ the times.,人々の着ている服は時代を反映している.,reflect
216,____ ____ my successes and failures,私の成功と失敗について振り返る,reflect on
217,a ____ young man,礼儀正しい若い男性,polite
218,It is ____ to ask women their age.,女性に年齢を尋ねるのは無礼です.,rude
219,____ old people,孤独な老人たち,lonely
220,He is ____ at work.,彼は仕事をいい加減にやる.,lazy
220,spend ____ days on the beach,浜辺でのんびりした日々を過ごす,lazy
221,a ____ rule,厳しい規則,strict
222,The ____ Duckling,『醜いアヒルの子』(Andersen の童話),Ugly
223,a ____ ____ woman,きわめて聡明な女性,highly intelligent
224,Don't be ____!,ばかなことを言う[する]な!,silly
225,____ ____ during the exam,試験中にあがる,get nervous
225,a ____ child,臆病な子ども,nervous
225,the ____ system,神経系統,nervous
226,The noise kept me ____ all night.,騒音で一晩中眠れなかった(目を覚ました状態にされていた).,awake
227,She lives ____.,彼女は一人暮らしだ.,alone
227,Bob ____ went there.,ボブだけがそこへ行った.,alone
228,____ ____ positive ____ ____ life,人生に対して前向きな姿勢でいる,have a attitude toward
229,Printed books have ____.,活字の本には味(特徴)がある,character
229,the main ____ of this novel,この小説の主人公(主な登場人物),character
229,____ ____,漢字,Chinese characters
230,one of the ____ of large cities,大都会の特徴の1つ,characteristics
230,his ____ writing style,彼特有の文体,characteristic
231,Low rainfall is a ____ of deserts.,少ない降水量は砂漠の特徴のつだ,feature
231,a ____ on Samoa,サモアに関する特集記事,feature
231,The exhibition ____ paintings by Van Gogh.,その展覧会はヴァン?ゴッホの絵画が目玉だ(を特集している).,features
232,check the ____ of the report,その報告書の詳細を確認する,details
232,see the ____ of the building,その建物の細部を見る,details
233,There are ____ and disadvantages[× merits and demerits] ____ self-driving cars.,"自動運転の車にはメリットとデメリットがある.(*merit /demerit はとても堅い語で,日常ではほとんど使われない.)",advantages to
234,complain about my husband's ____,夫の欠点について文句を言う,faults
234,____ ____ ____ ____.,それは私の責任です.,That is my fault
234,an active ____,活断層,fault
235,improve ____ ____ ____ ____,生活の質を向上させる,the quality of life
235,the personal ____ necessary to be a successful salesperson,営業マンとして成功するのに必要な個人的資質,qualities
236,Let's see if our answers are ____.,答えが正しいかどうか見てみよう。,correct
236,____ his pronunciation,彼の発音を矯正する,correct
237,an ____ place for camping,キャンプにはうってつけの場所,ideal
237,the ____ of social equality,社会的平等の理想像,ideal
238,It's not ____!,それは不公平だ.,fair
238,an international trade ____,国際(産業)見本市,fair
239,clothes ____ ____ a job interview,仕事の面接に適切な服,appropriate for
240,Kyoto is ____ ____ ____ temples.,京都は寺で有名だ.,famous for its
240,Arima is ____ ____ a hot-spring resort.,有馬は温泉地として有名だ.,famous as
241,when I was ____ ____ ____(*冠詞不要.),小学生(小学校に在学中)のとき,in elementary school 
242,a ____ cause of global warming,地球温暖化の主な原因,major
242,____ ____ botany,植物学を専攻する,major in
242,What is your ____?,専攻は何ですか.,major
243, It ____ ____ ____ ____ he succeeds[×will succeed] or not.,彼が成功するかどうかは重要ではない,does not matter whether
243,waste ____,廃棄物,matter
243,"____ ____ ____ ____, it began to snow.","さらに悪いことには,雪が降り始めた",To make matters worse
244,The moon is ____ tonight.,今夜は月が明るい.,bright
244,a ____ ____ ,聡明な子ども,bright child
245,swim in the ____ sunshine,まばゆい太陽光の下で泳ぐ,brilliant
245,a ____ idea,すばらしい考え,brilliant
246,have a ____ ____,生き生きとした会話をする,lively conversation
247,a ____ bed,快適なべッド,comfortable
247,I feel ____ in that cafe.,あのカフェは居心地がよい.,comfortable
248,I find it ____[× feel pleasant] to talk with her.,彼女と話すのは楽しいと感じる.,pleasant
249,Call me when ____ ____ ____ ____ you[× when you are convenient].,都合のよいときに電話してください.,it is convenient for
249,My house is ____ ____[<英>for]the station.,私の家は駅から近くて便利だ.,convenient to
250,____ information,"誤った情報（『""』で囲ってください（例”apple""））",FALSE
250,give a ____ name,"偽名を使う （『""』で囲ってください（例”apple""））",FALSE
251,I have a ____ sense of direction.,私は方向音痴(ひどい方向感覚)だ.,terrible
251,I ____ ____ ____ remembering people's names.,人の名前を覚えるのが苦手だ.,am terrible at
252,an ____ smell of cat urine [j?arin],ネコの尿のひどい臭い,awful
253,a ____ jacket,薄い上着,thin
253,"Although she eats a lot, she is very ____.","彼女はたくさん食べるが,とてもやせている.",thin
253,His hair is getting ____ on top.,彼の頭のてっぺんが薄くなってきた.,thin
254,____ jeans,きついジーンズ,tight
254,____ control on immigration,移民に関する厳しい管理,tight
255,wear ____ clothes,ダボッとした(ゆるい)服を着ている,loose
255,____ my dog ____ on the beach,海岸でイヌを自由にしてやる,let loose
256,____ fish,生魚,raw
257,an ____ ____,空瓶,empty bottle
257,____ his glass in one gulp,ひと口でグラスを空にする,empty
258,This soap makes your skin very ____.,この石けんでお肌はツルツル(とても滑らか)になります.,smooth
258,the ____ running of the company,会社の順調な運営,smooth
258,____ ____ my hair,髪の毛をなでつける,smooth back
259,a ____ flight to Paris,パリへの直行便,direct
259,____ the play,その劇を演出する,direct
259,____ their attention ____ this problem,この問題に彼らの注意を向ける,direct to
259,____ her ____ the airport,彼女に空港への道を教える,direct to
260,Shakespeare ____ ____ ____ people all over the world.,シェイクスピアは世界中の人々に知られている.,is familiar to
260,I am very ____ ____ this town.,私はこの街をよく知っている.,familiar with
261,She ____ ____ ____ her mother in appearance.,彼女は見た目が母親に似ている.,is similar to
262,His tastes ____ ____ mine.,彼の趣味は私の(趣味)と異なる.,differ from
263,The way people greet each other ____ ____ country ____ country.,挨拶の仕方は国によりさまざまだ.,varies from to
264,a ____ age group,ある特定の年齢のグループ,specific
264,____ instructions,明確な指示,specific
265,E-books ____ ____ ____.,電子書籍は普及しつつある.,are becoming common
265,a ____ ancestor,共通の祖先,common
266,"These days, ____ ____ ____ ____ ____ men to wear makeup.","最近は,男性が化粧するのは珍しくない",it is not unusual for
267,____ some milk ____ the coffee,コーヒーにミルクを加える,add to
267,His chilling words ____ ____ her fear.,彼のぞっとするような言葉で彼女の恐怖は増した.,added to
268,____ ____ 130 percent,130%増える,increase by
268,____ my vocabulary,語彙を増やす,increase
268,an ____ ____ land prices,地価の上昇,increase in
269,____ ____ ____ ____ garbage,生ゴミ(の量)を減らす,reduce the amount of
269,____ ____ ____ poverty,貧困に陥る,be reduced to
270,____ the stew ____ small portions,シチューを小分けにする,divide into
270,Eight ____ ____ four is two.,8 +4=2,divided by
271,____ the money,お金を数える,count
271,____ down from ten to one,10から1まで数える,count
271,First impressions really ____.,"第一印象は本当に重要だ,",count
271,I'm ____ ____ you.,"(君を)当てにしているよ,",counting on
272,____ 40 kilograms,140キロの重さだ,weigh
272,____ ____ on the scale,体重計で体重を計る,weigh myself
272,____ (up) the benefits of the plan ____ the costs,費用に照らしてその計画の利点を検討する,weigh against
273,a ____ to ten,10時15分前(9:45),quarter
273,a student[business] ____,学生[ビジネス]街,quarter
274,____ ____ ____ dolphins,多くのイルカ,a lot of
274,He has changed ____ ____.,彼はとても変わった.,a lot
274,work hard to improve ____ ____,私の置かれた状況を改善する努力をする,my lot
274,a ____ ____,駐車場,parking lot
275,____ ____ ____ ironed shirts,アイロンをかけたシャツの山,a pile of
275,____ ____ work,山のような(多量の)仕事,piles of
275,____ spaghetti ____ her plate,彼女の皿にスパゲッティを盛る,pile onto
276,the declining birth ____,少子化(下がりつつある出生率),rate
276,Our hotel offers special ____ for children.,私どものホテルはお子様には特別料金が適用されます.,rates
276,____ him ____ a good poet,彼を良い詩人と評価する,rate as
277,memorize a list of ____,数字の一覧を暗記する,figures
277,a political ____,政治家,figure
277,____ ____ nice have ____,スタイルがよい,have a figure
277,See ____1.,図1を見なさい.,Fig.
277,Her name ____ in history.,彼女の名前は歴史上有名だ.,figures
278,I am tired due to (a) ____ ____ sleep.,私は睡眠不足のため疲れている.,lack of
278,He ____ confidence.(=He ____ ____ ____ confidence.),彼は自信がない(自信を欠いている).,lacks is lacking in
279,____ ____ ____,追加料金,an extra charge
279,pay a little ____,少しだけ余分に(少しの余分を)払う,extra
280,I'm not ____ yet.,まだ準備ができていません.,ready
280,____ ____ ____ help us,進んで私たちを助けてくれる,be ready to
281,____ a meal,食事の準備をする,prepare
281,____ ____ a powerful typhoon,大型の台風に備える,prepare for
281,I ____ ____ ____ accept your advice.,あなたの忠告をよろこんで受け入れます(受け入れる準備ができています).,am prepared to
282,____ ____ a new school life,新しい学校生活に慣れる,adjust to
282,____ the temperature on the air conditioner,エアコンの温度を調整する,adjust
283,That rule ____ ____ students.,その規則は学生に適用される.,applies to
283,____ ____ a passport,パスポートを申請する,apply for
283,____ the technology ____ a wide range of fields,さまざまな分野にその技術を応用する,apply to
283,____ enough sunscreen ____ my face,顔に十分な日焼け止めクリームを塗る,apply to
284,What time ____ ____ best?,何時が(あなたに)ご都合がいいですか.,suits you
284,That tie ____ ____.,そのネクタイは君に似合う.,suits you
284,____ ____ ____ ____ her,彼女を告訴する,file a suit against
284,a three-piece ____,スリーピースのスーツ,suit
285,"In some ____, honesty does not pay.",正直が割に合わない場合もある.,cases
285,This is ____ ____ ____ humans.,これは人間にも当てはまる(人間にとっても事実である).,the case with
285,____ murder ____,殺人事件,a case
285,new ____ of Ebola,エボラ出血熱の新たな症例,cases
285,____ ____ ____ before the judge,裁判官の前で言い分を述べる,make a case
286,____ love ____,ラブシーン,a scene
286,Police cars rushed to the ____.,パトカーが現場に急行した.,scene
286,____ American music ____,アメリカの音楽業界,the scene
287,____ ____ ____ play the lead,主役を演じる機会,a chance to
287,There is little ____ ____ his winning.,彼が勝つ可能性はほとんどない.,chance of
288,____ ____ ____ ____ ____ speak English,英語を話す絶好の機会を持つ,have a golden opportunity to
289,____ ____ ____,経験から学ぶ,learn from experience
289,the bitter ____ ____ losing [×that we lost] in the first round,初戦敗退という苦い経験,experience of
289,____ many hardships,多くの困難を経験する,experience
290,"If you have ____, neip me.",時間があれば手伝ってよ,time
290,wait for ____ ____ ____,長時間待つ,a long time
290,change jobs many ____,職を何回も変える,times
290,This one is ____ ____ ____ large ____ that one,これはあれの3倍の大きさだ,three times as as
290,keep up with the ____,時代についていく,times
290,(the) ____ ____ you come here,あなたが次にここに来るとき,next time
291,____ has come.,春が来た.,Spring
291,a ____ ____ resort,温泉(地),hot spring
291,____ ____ ____ bed,ベッドから飛び起きる,spring out of
292,The station is ten ____[a ten-____] walk from here.,"駅はここから歩いて10分です,",minutes' minute
292,Wait ____ ____.,ちょっと待ってください.,a minute
292,take the ____ of the meeting,会議の議事録を取る,minutes
292,____ ____ fraction,ごく小さな破片,a minute
292,We stopped talking ____ ____ he came in.,彼が入ってきた瞬間に私たちは話を止めた.,the minute
293,a man past middle ____,中年過ぎの男性,age
293,____ the Middle ____,中世において,in Ages
293,It's been ____ since I saw you last.,久しぶり(最後にあなたに会ってから長い間経つ).,ages
293,an ____ ____,高齢化社会,aging society
294,a ____ ____,世代間格差,generation gap
294,the ____ of wealth,富を生み出すこと,generation
294,hydropower ____,水力発電,generation
295,____ our school's 100th ____,我が校の創立100周年を祝う,celebrate anniversary
296,I moved to this city just ____.,"最近この市に引っ越して来ました,",recently
297,"I ____ ____ drive to work, ____ nowadays I take the train.","以前は車で仕事に行っていたが,今は電車を利用する.",used to but
297,____ ____ ____ ____ up early,早起きに慣れている,be used to getting
297,a[×an] ____ car,中古車,used
298,____ in the morning,朝早くに,early
298,The bus came three minutes ____ than usual.,そのパスはいつもより3分早く来た.,earlier
298,the ____ works of Murakami Haruki,村上春樹の初期の作品,early
299,win ____ prize,1等賞をとる,first
299,I went up Tokyo Tower ____ ____ ____ ____ in my life.,生まれて初めて東京タワーにのぼった、(*2回目もあることを示唆.),for the first time
299,"When I ____ met her, she was a student.","彼女と初めて会ったとき,彼女は学生だった.",first
299,"____, e-books are less expensive.","まず第1に,電子書籍のほうが安い.",First
299,"____ ____ I thought it was a joke, but later I realized it was true.",最初は冗談かと思ったが、後で事実だとわかった.,At first
300,follow ____ ____ fashions,最新のファッションを追う,the latest
301,in ____ ____,現代社会では,modern society
301,"a bright, ____ office",明るい近代的なオフィス,modern
302,____ ____ ____,大昔に,in ancient times
302,"an ____, worn-out coat",古びてすり切れたコート,ancient
303,"____ most of my time ____[in my room, with my family]","時間の大半を読書に[部屋の中で,家族と一緒に]費やす[過ごす]",spend reading
303,____ too much money ____ clothes,洋服にお金をかけすぎる,spend on
304,Our train ____ ____ (for) two hours.,私たちが乗った列車が2時間遅れた.,was delayed
304,without ____,遅れることなく,delay
305,____ two books from the library,図書館から2冊の本を借りる,borrow
306,"Could you ____ me 10,000 yen?",1万円貸してもらえませんか.,lend
306,How much will the bank ____ me?,銀行はいくら貸してくれるだろうか.,lend
307,____ a car for six hours,"6時間,車を借りる",rent
307,She ____ ____ three rooms to students.,彼女は学生に3部屋を賃貸ししている.,rents out
307,pay a high[low] ____,高い[安い]家賃を払う,rent
308,____ students ____ an opportunity to study in the U.K.,イギリス留学の機会を学生に与える,provide with
309,drill a hole through a ____,板にドリルで穴を開ける,board
309,a ____ ____ education,教育委員会,board of
309,____ a bus,バスに乗る,board
310,plastic ____ ____,ビニールのごみ袋,garbage bags
311,buy ____ on sale,バーゲン品を買う,items
311,a ____ ____ about the village,その村に関する(1つの)ニュース,news item
311,check all the ____ ____ the ____,リストのすべての項目を確認する,items on list
312,the front ____ of my bicycle,自転車の前輪,wheel
312,sit ____ ____ ____,運転する(ハンドルの所に座る),at the wheel
312,____ a cart,カートを動かす,wheel
313,____ ____ in class,授業中にメモをとる,take notes
313,a 50-pound ____,50ポンド紙幣,note
313,____ ____ we face a real challenge,私たちは大きな難題に直面していると指摘する,note that
313,Please ____ ____ the homework is due on Friday.,宿題の締め切りは金曜日だということを忘れずに注意してください.,note that
314,open the ____,ブレゼントを開ける,present
314,up to the ____,現在に至るまで,present
314,my ____ job,(私の)今の仕事,present
314,____ ____,出席者(出席している人々),those present
314,____ him ____ an award,彼に賞を贈る,present with
315,find ____ ____ ____,お買い得品を見つける,a good bargain
315,____ for better pay,賃上げを求めて交?する,bargain
316,lift heavy ____,重い物を持ち上げる,stuff
316,chicken ____ ____ rice,お米が詰められた鶏肉,stuffed with
317,____ ____ the box ____ some ____,ひもで箱を縛る,tie up with string
317,____ ____ ____ questions,一連の質問,a string of
317,a six-____ (guitar),6弦ギター,string
318,enjoy my ____ (time),余暇を楽しむ,leisure
318,the ____ industry,レジャー(余暇の)産業,leisure
319,a well-balanced ____,栄養パランスのとれた食事,diet
319,I ____ ____ ____ ____ now.,今ダイエット中です.,am on a diet
319,a ____ member,国会議員,Diet
320,a set of ____,家具一式,furniture
321,put the leftovers in the ____,冷蔵庫に残り物を入れる,refrigerator
322,There is ____ ____ on the street today.,"今日は,通りに車が少ない(交通量がほとんどない),",little traffic
323,"We ____ our car ____ [at] 500,000 yen.",私たちは車を50万円で売った.,sold for
323,Her books ____ very ____.,彼女の本は売れ行きがとてもよい(よく売れる).,sell well
324,____ five dollars ____ the book,その本の代金として5ドルを払う,pay for
324,____ ____ the room,その部屋代を払う,pay for
324,____ ____ ____ ____.,正直者がばかを見る(正直は割に合わない).,Honesty does not pay
324,have a vacation with ____(=have a paid vacation),有給休暇をとる,pay
325,I ____ contact lenses.,コンタクトレンズをつけている.,wear
325,I ____ ____ contact lenses now.,"私は今コンタクトレンズをつけている(日頃はメガネなどをかけている),",am wearing
325,My shirt is badly ____.,私のシャツはひどくすり切れている.,worn
325,The carpet is starting to ____ a little.,カーペットが少しすり減り始めている.,wear
326,change my ____,服を着替える,clothes
327,Will you ____ me?,(私と)結婚してくれますか?,marry
327,a ____ couple,夫婦(結婚しているカップル),married
328,____ each other,お互いに抜拶をする,greet
329,____ rice directly ____ the farm,産地に直接米を注文する,order from
329,____ him ____ stop smoking,たばこをやめるよう彼に命じる,order to
329,____ an ____ by telephone,電話で注文する,place order
329,obey an ____,命令に従う,order
329,____ alphabetical ____,アルファベット順で,in order
329,maintain peace and ____,平和と秩序を維持する,order
330,____ a single ____ ____ two nights,シングルルームを2泊予約する,book room for
330,have ____ ____ dessert,デザートは別腹だ(デザートのための余地はある),room for
331,two-hundred-____ skyscraper,200 階建ての超高層ビル,story
332,a ____ ____ (=a ____ for a dam),ダムの用地,dam site site
332,a ____ [camping] ____,建設現場[キャンプ地],construction site
332,the ____ of the Battle of Sekigahara,関ヶ原の戦いの跡,site
333,mow the lawn in our ____,私たちの庭の芝を刈る,yard
333,drive a golf ball over 300 ____,300ヤード以上ゴルフボールを飛ばす,yards
334,____ ____ ____ the sea,海底,the bottom of
334,Look at ____ ____ ____ page 10.,10ページの下を見てください.,the bottom of
334,fall on my ____[× hip],尻もちをつく,bottom
335,stand ____ ____,列に並ぶ,in line
335,sign on the dotted ____,点線のところにサインする,line
335,The ____ is busy.,(電話が)お話し中です.,line
335,practice my ____ over and over,セリフを何度も練習する,lines
335,____ ____ to buy tickets,チケットを求めて行列を作る,line up
336,the people sitting ____ the back ____,後列に座っている人,in row
336,____ a boat on the lake,湖でポートをこぐ,row
337,Classical music was playing in the ____.,BGM(背景)にクラシック音楽が流れていた.,background
337,people from different ____(=people from all walks of life),さまざまな経歴の人々,backgrounds
338,go ____ [× to] the opposite ____,反対の方向へ行く,in direction
338,ask for ____,道順を尋ねる,directions
338,under his ____,彼の指示の下,direction
339,various foreign ____,さまざまな外国文化,cultures
339,a ____ of bacteria,細菌の培養,culture
339,a woman ____ ____,教養ある女性,of culture
339,____ pearls,養殖(された)真珠,cultured
340,works of ____ ____,現代芸術の作品,modern art
340,____ ____ ____ conversation,会話の技術,the art of
340,a ____ ____ course,一般教養課程,liberal arts
341,Japanese ____ ____,日本のアニメーション作品(アニメ化された漫画),animated cartoons
342,the plot of this ____,この小説のあらすじ,novel
342,come up with a ____ idea,斬新な考えを思いつく,novel
343,play a ____ ____,楽器を演奏する,musical instrument
343,a medical ____,医療器具,instrument
344,That is a nice ____.,いい曲だね.,tune
344,____ ____ ____ channel 6,6チャンネルに合わせる,tune in to
344,____ the piano,ピアノを調律する,tune
345,delete the ____,その1文を削除する,sentence
345,be given the death ____,死刑判決を受ける,sentence
345,____ ____ ____ five years in prison,懲役5年の刑が言い渡される,be sentenced to
346,a ____ ____ ____ Portugal,ポルトガルに関する雑誌の記事,magazine article on
346,an ____ of furniture,家具1点,article
346,This word takes no ____.,この語は冠詞をつけない.,article
346,____ 9 of the Japanese Constitution,日本の憲法9条,Article
347,a famous ____ ____ the Bible,聖書の有名な一節,passage from
347,with the ____ of time,時の経過と共に,passage
348,____ [build up] my ____,語彙を増やす,increase vocabulary
349,____ ____ him ____ throughou the school.,彼のうわさは学校中に広まった.,Rumors about spread
350,How do you ____ your name?,名前はどのようにつづりますか.,spell
350,____ ____ ____ ____ the man,その男に呪文をかける,cast a spell on
350,I've had ____ ____ ____ bad luck recently.,最近ずっとついてない.,a spell of
351,How do you ____ your name?,あなたの名前はどう発音するのですか.,pronounce
351,____ a sentence,判決を宣告する,pronounce
352,show ____ of recovery,回復の兆しが見られる,signs
352,"a ____ saying ""No more Hiroshimas",「ノーモアヒロシマ」の看板,sign
352,____ an autograph for a fan,ファンのためにサインをする,sign
353,What does that ____?,それはどういう意味ですか.,mean
353,I didn't ____ ____ bother you.,邪魔をするつもりじゃなかった.,mean to
353,Don't be so ____.,"そんな意地悪言わないでよ,",mean
354,This magazine ____ ____ twice a year.,この雑誌は年に回発行されている,is published
354,The latest results will ____ ____ tomorrow.,最新の結果は明日発表される.,be published
355,____ the latest fashions,最新のファッションを展示する,display
355,____ ____ ____ ____,実力を発揮する,display my real ability
355,____ my jewelry,宝石を見せびらかす,display
355,a fireworks ____,花火大会,display
356,You can ____ him; he keeps secrets,彼のことを信頼してよい、彼は秘密を守る,trust
356,____ ____ ____ ____ her,彼女を信頓する,put my trust in
357,Your success ____ ____ how much effort you make.,成功は君の努力(君がどれくらい努力するか〕次第だ.,depends on
357,I ____ ____ my parents ____ university tuition.,私は両親に大学の学費を頼っている,depend on for
358,You can ____ ____ him.,彼なら頼っても大丈夫.,rely on
359,____ ____ her safety,彼女の無事を祈る,pray for
360,____ her ____ overlook my mistakes,"ミスを見逃してもらうよう,彼女にお願いする",beg to
360,____ ____ something to eat,食べ物をおねだりする,beg for
361,____ beef ____ chicken (+ like beef better than chicken),鶏肉より牛肉を好む,prefer to
362,All America ____.,全米が泣いた.,wept
363,____ doing housework,家事をするのが嫌いだ,hate
364,Don't ____ ____ it.,そんなことを気にするな.,worry about
364,Life is full of ____.,人生は心配事が多い.,worries
365,I'm ____ ____ her health.,彼女の健康が心配だ.,anxious about
365,Ben ____ ____ ____ see you.,ベンが君に会いたがっているよ、,is anxious to
366,I'm not ____ ____ the exam result.,試験結果に満足していない.,satisfied with
366,____ the ____ of tourists,旅行者のニーズに応える,satisfy needs
367,____ really ____ ____ ____ I see people smoking while (they are) walking.,歩きタバコを見かけると頭にくる(歩きタバコは私を苛立たせる).,It annoys me when
368,"I'm sorry to ____ you, but could you give me a hand?","ご迷惑をおかけしてすみませんが,手を貸していただけないでしょうか.",bother
368,Don't ____ ____ giftwrap it.,わざわざ包装しなくて構いません.,bother to
368,find it a ____ to go out in the rain,"雨の中,外出するのは面倒だと思う",bother
369,Don't ____ other peopie.,ほかの人に迷惑をかけないようにしなさい。,disturb
369,____ my sleep [concentration],睡眠[集中]を妨げる,disturb
370,I ____ ____ ____ spiders.,クモがこわい(クモに怯えさせられる).,am frightened of
371,I ____ ____ I did not study[× should have studied] hard in my teens.,10代のころ一生懸命勉強しなかったことを後悔している.,regret that
371,I ____ ____ say that I cannot help you.,残念ながらあなたを助けられないと言わなければなりません.,regret to
371,I have no ____.,後悔はしていない.,regrets
372,Could you ____ me a couple of ____?(=May I ____ a couple of ____ ____ you?),いくつかお願いがあるのですが.,do favors ask favors of
372,be ____ ____ ____ his proposal,彼の提案に賛成だ,in favor of
373,____ ____ ____ ____ history,歴史に興味を持っている,have an interest in
373,____ ____ ____ ____ ____ ____ ____ stay with your grandparents.,君は祖父母と暮らすのが一番よい.,It is in your best interests to
373,the ____ on a loan,ローンの利子,interest
374,____ ____ ____ ____ ____ you missed the movie.,あなたがその映画を見損ねたのは残念です.,It is a pity that
374,____ ____ ____ the child,その子どもをかわいそうに思う,feel pity for
375,Our flight was delayed ____ ____ the storm.,嵐のために飛行機が遅れた、,due to
375,The report is ____ on Monday.,報告書は月曜日が締め切りだ.,due
375,The train ____ ____ ____ arrive at 9:00.,電車は9時に到着予定です。,is due to
376,agree with his opinion ____ ____ ____ ____,次の理由で彼の意見に賛成だ,for the following reasons
376,____ and emotian,理性と感情,reason
376,He ____ ____ he must have left his bag on the bus.,彼はかばんをバスの中に忘れてきたに違いないと推論した.,reasoned that
376,have the ability to ____,(論理的に)思考する力がある,reason
377,____ ____ ____ ____ inflation,インフレの結果として,as a result of
377,The project ____ ____ success.,その事業は結果として成功した.,resulted in
377,Serious damage ____ ____ the earthquake.,"その地震の結果,深刻な損害が生じた.",resulted from
378,Drinking too much ____ ____ bad ____ ____ the brain.,"過度の飲酒は脳に悪影響を与える,",has a effect on
379,____ ____ strong ____ ____ them,彼らに強い影響を与える,have a influence on
379,This book ____ ____ my way of thinking.,この本は私の考え方に深く影響を与えた,deeply influenced
380,We ____ ____ ____ the night at the airport.,"私たちは結局,空港で一夜を過ごすことになった.",ended up spending
380,at the ____ of May,5月の終わりに,end
380,a ____ to an ____,目的のための手段,means end
381,____ trouble,面倒を引き起こす,cause
381,the root ____ of the war,その戦争の根源的な原因,the cause of
382,Lack of sieep ____ ____ your performance at work.,睡眠不足は仕事（の出来栄え）に悪影響を及ぼす,seriously affects
383,my ____ of studying,私の勉強の仕方,way
383,We differ ____ this ____.,"この点で私たちは異なる,",in way
383,____ ____ ____ ____ ____ Tokyo,はるばる(長い道を)東京まで行く,go all the way to
383,His IQ is ____ above average.,彼の知能指数は平均よりはるかに上だ,way
384,behave ____ a responsible ____,責任ある方法でふるまう,in manner
384,his ____ of speaking,彼の話し方,manner
384,have[×know] no ____ *マナーは「知識」ではなく「身についているもの」なので have を使う.),マナーを知らない,manners
385,What is ____ ____ ____ your visit?,あなたの訪問の目的は何ですか.,the purpose of
386,____ ____ ____ ____ your health,健康のため,for the sake of
386,____ is becoming popular among Europeans.,日本酒はヨーロッパの人々の間で人気が出ている.,Sake
387,____ in front of me,私のちょうど目の前で,right
387,You are ____.,君が正しいよ.,right
387,my ____ hand,私の右手,right
387,____ ____ ____ vote,投票権,the right to
388,a ____ stranger,見ず知らずの人(完全に知らない人),complete
388,This tunnel took ten years to ____.,このトンネルは完成するのに10年かかった.,complete
389,I ____ ____ wait for the summer.,夏が待ち遠しい(ほとんど待てない).,can hardly
389,He ____ ____ smiles.,彼はめったに笑わない.,hardly ever
390,I go to the gym ____ ____ day.,ほとんど毎日ジムに通っている、,almost every
391,I am ____ to blame.,私にも一部責任がある.,partly
392,He is ____ a kind person.,彼は本当に親切な人です.,indeed
392,"____, he is young, but he is very smart.","確かに彼は若いですが,とても頭がいい",Indeed
393,____ Homer sometimes nods.,(ことわざ》弘法にも筆の誤り(ホメロスでさえも時には居眠りする).,Even
393,Things became ____ more difficult.,事態はさらに難しくなった.,even
393,____ numbers (⇔ odd numbers),偶数[⇔奇数],even
393,"white, ____ teeth",白くきれいにそろった歯,even
393,It cost 10 dollars ____.,ちょうど10ドルでした.,even
394,____ ____ did you stay in　Australia?,オーストラリアの正確にはどこに滞在したのですか.,Where exactly
394,____./ Not ____.,そのとおりです./ちょっと違います(そのとおりではないです).,Exactly exactly
395,Land prices are ____ ____.,土地の値段が徐々に上がっている。,gradually increasing
396,"Even experts are only human, ____ ____ mistakes sometimes occur.","専門家でもただの人間だ、それゆえミスが時々起きる,",and therefore
397,"If you can't make it, your mother may go ____.","もし君が行けないのなら,君のお母さんが代わりに行ってもよい.",instead
397,take the stairs ____ ____ the elevator,エレペーターの代わりに階段を使う,instead of
398,We are open ____ p.m. on weekdays.,平日は午後 時まで営業しています,until
398,Stay here ____ I get back.,私が戻るまでここにいて.,until
399,learn another foreign language ____ English,英語以外の(英語に加えて)外国語を勉強する,besides
399,"It's too late to go out; ____, it's snowing.","外出するには遅すぎるし,おまけに,雪が降っている.",besides
400,Everybody was asleep ____ (____) him.,彼以外は皆眠っていた.,except for
400,"____ ____ a dog, the park was empty.","1匹のイヌを除いて,公園には誰もいなかった.",Except for
401,the ____ ____ whaling,捕鯨に関する討論,debate on
401,____ ____ ____ ____ ____ of this,この是非について話し合う,debate the pros and cons
402,Stop ____ my cooking!,私の料理を批判するのをやめて、,criticizing
403,____ her ____[× for] lying,うそをついたことで彼女を非難する,accuse of
403,____ him ____ murder,殺人で彼を告訴する,accuse of
404,____ ____ retu ning home,家に帰ると言い張る,insist on
404,I ____ ____ she wait.,私は波女が待つように求めた.,insisted that
405,____  ____ my studying abroad,私の留学に反対する,object to
405,a solid ____,硬い物,object
405,The ____ ____ this game is to develop children's vocabulary.,このゲームの目的は子どもの語彙を増やすことだ.,object of
405, an ____ ____ pity, 哀れみの対象,object of
406,____ ____ nuclear tests,核実験に抗議する,protest against
406,non-violent ____,非暴力の抗議,protest
407,a highly ____ ____,非常に論争になっている問題,controversial issue
408,He ____ ____ ____ be in the classroom now.,今彼はきっと教室にいるはずだ。,is bound to
408,the Nozomi Superexpress ____ ____ Tokyo,東京行きののぞみ号,bound for
409,I'll ____ (that) he's coming.,"きっと彼は来ると思う,",bet
409,____ 500 yen on a horse,馬に500円を賭ける,bet
410,____ an apology,謝罪を要求する,demand
410,supply and ____(*語順に注意.),需要と供給,demand
411,____ a strong ____ ____ study in the U.K.,イギリスに留学したいという強い願望をもつ,have desire to
411,____ ____ marry her,彼女と結婚したいと強く望む,desire to
412,____ the man ____ his diligence,その男の勤勉さを(その男性を動勉さで)褒める,praise for
412,His novel won high ____.,"彼の小説は絶賛された(高い賞賛を得た),",praise
413,It's ____ ____ ____ be here.,お招き頂きありがとうございます(ここにいることは名誉です).,an honor to
413,____ my parents,両親を敬う,honor
414,____ over tea,お茶を飲みながらおしゃべりする,chat
414,enjoy ____ ____ ____ neighbors,井戸端会議(近所の人たちとのおしやべり)を楽しむ,a chat with
,,,
415,____ ____ my childhood,私の子どものころについて触れる,refer to
415,"What does the underlined ""it"" ____ ____?",下線を引いた“it”の指すものは何か,refer to
416,You'd better not ____ it. (* You'd = You had),それには触れ(それについて述べ)ないほうがいい.,mention
417,____ ____ ____ by touching her hand,"彼女の手に触れて,気持ちを伝える",convey my feelings
417,Blood is ____ to the heart by the veins.,血液は静脈から心臓へと運ばれる.,conveyed
418,____ ____ ____ ____,実力を発揮する(真の実力を示す),demonstrate my real ability
419,____ ____ ____ ____ breakfast,朝食の重要性を強調する,emphasize the importance of
420,greatly ____ a story,話をとても大げさに言う,exaggerate
420,He often ____ when talking about fish he caught.,彼は釣った魚について話すときに大げさに言うことが多い.,exaggerates
421,"I asked him why, but he didn't ____.",彼になぜかと尋ねたが、彼は返事をしなかった.,reply
421,I look forward to your ____.,あなたの返事を楽しみにしています。,reply
